0;0;0;0;X;x;
1;183;104;76;VINLAND;x;
2;107;75;30;PORT_AU_CHOIX;x
3;107;75;189;NORTH_HARBOUR_DEEP;x;
4;92;108;20;HARBOUR_DEEP;x;
5;27;44;129;JACKSONS_ARM;x;
6;157;72;220;GROSMORNE;x;
7;72;125;134;DEER_LAKE;x;
8;184;135;146;STEPHENVILLE;x;
9;164;72;50;SANDY_POINT;x;
10;99;173;179;ST_DAVIDS;x;
11;99;45;132;CHANNEL-PORT_AUX_BASQUES;x;
12;160;144;170;LA_POILE;x;
13;29;132;41;RAMEA;x;
14;109;148;48;MEELPAEG;x;
15;79;75;62;BUCHANS;x;
16;166;153;196;BAIE_VERTE;x;
17;166;153;105;ROBERTS_ARM;x;
18;166;66;105;BADGER;x;
19;227;127;100;MCCALLUM;x;
20;50;30;76;SAINT_ALBANS;x;
21;195;13;179;MIDDLE_NEWF;x;
22;50;183;76;NEW-WES-VALLEY;x;
23;88;161;110;BONAVISTA;x;
24;169;103;80;BAY_DU_NORD;x;
25;120;33;118;ST_PIERRE;x;
26;50;255;76;AVALON;x;
27;185;153;179;ST_JOHNS;x;
28;114;238;251;WEST_PORT_HOPE;x;
29;147;149;80;WILLIAMS_HARBOUR;x;
30;247;87;113;MARYS_HARBOUR;x;
31;235;111;34;x;x;
32;154;100;142;x;x;
33;205;48;123;x;x;
34;60;108;95;x;x;
35;22;50;156;x;x;
36;227;157;95;x;x;
37;218;228;162;x;x;
38;255;180;206;x;x;
39;8;191;77;x;x;
40;106;26;150;x;x;
41;192;168;135;x;x;
42;81;156;8;x;x;
43;36;76;116;x;x;
44;235;202;4;x;x;
45;47;14;196;x;x;
46;236;24;194;x;x;
47;132;87;194;x;x;
48;179;225;57;x;x;
49;45;113;250;x;x;
50;38;176;86;x;x;
51;45;35;68;x;x;
52;132;134;58;x;x;
53;227;130;231;x;x;
54;56;30;182;x;x;
55;186;255;32;x;x;
56;157;220;180;x;x;
57;192;123;135;x;x;
58;124;89;29;x;x;
59;71;165;50;x;x;
60;13;144;148;x;x;
61;246;157;117;x;x;
62;110;219;131;x;x;
63;253;80;215;x;x;
64;165;183;235;x;x;
65;50;41;76;PORT-MENIER;x;
66;233;28;76;ANTICOSTI_NORTH;x;
67;50;123;76;POINTE_SUD;x;
68;233;192;76;ANTICOSTI_SOUTH;x;
69;36;87;13;x;x;
70;196;213;3;x;x;
71;69;205;81;x;x;
72;53;213;241;x;x;
73;186;238;35;x;x;
74;241;134;143;x;x;
75;236;73;163;x;x;
76;87;111;192;x;x;
77;39;8;16;x;x;
78;222;177;170;x;x;
79;19;140;24;x;x;
80;151;135;158;x;x;
81;114;50;214;x;x;
82;15;143;37;x;x;
83;97;53;19;x;x;
84;170;136;40;x;x;
85;19;89;143;x;x;
86;195;9;189;x;x;
87;38;236;111;x;x;
88;163;66;2;x;x;
89;98;48;93;x;x;
90;233;158;114;x;x;
91;28;95;24;x;x;
92;130;111;42;x;x;
93;242;144;120;x;x;
94;156;195;191;x;x;
95;11;187;233;x;x;
96;174;141;93;x;x;
97;113;230;30;x;x;
98;138;27;74;x;x;
99;177;93;129;x;x;
100;248;70;45;x;x;
101;35;90;28;x;x;
102;107;114;237;x;x;
103;60;89;83;x;x;
104;194;27;152;x;x;
105;177;35;12;x;x;
106;19;212;5;x;x;
107;216;73;69;x;x;
108;186;225;50;x;x;
109;22;35;98;x;x;
110;103;212;96;x;x;
111;169;162;124;x;x;
112;52;49;33;x;x;
113;225;70;218;x;x;
114;122;212;86;x;x;
115;38;125;168;x;x;
116;233;149;141;x;x;
117;255;235;235;x;x;
118;57;190;194;x;x;
119;65;202;77;x;x;
120;249;232;27;x;x;
121;73;208;81;x;x;
122;200;133;89;x;x;
123;234;41;206;x;x;
124;92;246;110;x;x;
125;148;148;68;x;x;
126;136;45;24;x;x;
127;254;241;177;x;x;
128;248;127;90;x;x;
129;201;222;75;x;x;
130;26;199;154;x;x;
131;164;172;247;x;x;
132;98;107;243;x;x;
133;76;206;46;x;x;
134;255;151;228;x;x;
135;6;211;216;x;x;
136;226;51;48;x;x;
137;180;213;190;x;x;
138;247;63;83;x;x;
139;103;145;137;x;x;
140;238;143;179;x;x;
141;12;118;13;x;x;
142;140;71;40;x;x;
143;28;213;114;x;x;
144;46;214;170;x;x;
145;202;44;77;x;x;
146;204;243;205;x;x;
147;102;94;242;x;x;
148;166;162;116;x;x;
149;193;79;108;x;x;
150;144;96;203;x;x;
151;245;203;138;x;x;
152;76;182;252;x;x;
153;232;221;182;x;x;
154;89;18;99;x;x;
155;145;236;71;x;x;
156;189;184;242;x;x;
157;85;176;185;x;x;
158;155;160;187;x;x;
159;19;224;201;x;x;
160;191;191;180;x;x;
161;243;233;23;x;x;
162;117;40;223;x;x;
163;252;52;16;x;x;
164;182;236;9;x;x;
165;123;207;132;x;x;
166;173;50;97;x;x;
167;192;125;43;x;x;
168;238;99;197;x;x;
169;179;202;249;x;x;
170;195;210;42;x;x;
171;13;147;1;x;x;
172;233;187;177;x;x;
173;49;63;92;x;x;
174;78;162;104;x;x;
175;22;100;242;x;x;
176;234;160;252;x;x;
177;71;138;54;x;x;
178;173;228;225;x;x;
179;209;181;111;x;x;
180;76;127;111;x;x;
181;228;103;38;x;x;
182;40;27;65;x;x;
183;150;102;190;x;x;
184;91;146;104;x;x;
185;62;196;182;x;x;
186;162;255;246;x;x;
187;52;16;116;x;x;
188;187;94;155;x;x;
189;18;87;245;x;x;
190;175;22;72;x;x;
191;192;13;146;x;x;
192;72;113;53;x;x;
193;23;197;11;x;x;
194;73;11;128;x;x;
195;147;39;241;x;x;
196;170;203;148;x;x;
197;83;228;235;x;x;
198;195;25;35;x;x;
199;6;74;72;MONTREAL;x;
200;60;23;31;x;x;
201;238;60;1;x;x;
202;88;158;56;x;x;
203;185;95;23;x;x;
204;113;213;210;x;x;
205;40;1;31;x;x;
206;224;58;197;x;x;
207;115;89;103;x;x;
208;119;234;126;x;x;
209;187;135;223;x;x;
210;72;91;114;x;x;
211;84;104;3;x;x;
212;253;247;182;x;x;
213;168;5;27;x;x;
214;148;52;250;x;x;
215;232;128;63;x;x;
216;2;117;92;x;x;
217;11;214;15;x;x;
218;9;86;252;x;x;
219;156;162;10;x;x;
220;154;242;208;x;x;
221;183;198;199;x;x;
222;15;252;224;x;x;
223;89;235;11;x;x;
224;158;118;70;x;x;
225;241;34;30;x;x;
226;170;100;239;x;x;
227;131;3;114;x;x;
228;22;31;125;x;x;
229;194;203;105;x;x;
230;195;133;56;x;x;
231;218;82;241;x;x;
232;249;84;118;x;x;
233;190;219;11;x;x;
234;64;136;48;x;x;
235;168;76;38;x;x;
236;254;197;200;x;x;
237;146;5;3;x;x;
238;124;74;126;x;x;
239;75;85;229;x;x;
240;248;33;71;x;x;
241;41;166;45;x;x;
242;205;251;172;x;x;
243;198;15;223;x;x;
244;109;133;125;x;x;
245;205;114;41;x;x;
246;76;105;139;x;x;
247;248;231;143;x;x;
248;203;104;80;x;x;
249;17;203;70;x;x;
250;253;33;117;x;x;
251;217;51;223;x;x;
252;148;163;0;x;x;
253;254;80;51;x;x;
254;254;59;187;x;x;
255;47;140;199;x;x;
256;161;134;177;x;x;
257;114;206;23;NORTH_BAY;x;
258;91;108;148;x;x;
259;208;52;82;x;x;
260;238;167;42;x;x;
261;125;181;204;x;x;
262;236;188;176;x;x;
263;173;91;2;x;x;
264;240;40;190;x;x;
265;196;151;67;x;x;
266;73;224;0;x;x;
267;207;133;86;x;x;
268;184;235;209;VERNER;x;
269;111;91;188;NOTRE_DAME_DU_LAC;x;
270;224;73;91;x;x;
271;9;186;240;x;x;
272;38;86;68;x;x;
273;153;148;40;x;x;
274;7;79;29;x;x;
275;105;147;169;x;x;
276;31;164;96;x;x;
277;114;147;175;x;x;
278;229;129;44;x;x;
279;222;211;172;x;x;
280;244;81;18;x;x;
281;39;199;162;x;x;
282;105;208;137;x;x;
283;10;223;235;x;x;
284;137;150;72;x;x;
285;175;83;189;x;x;
286;222;96;77;x;x;
287;54;32;85;x;x;
288;95;203;172;x;x;
289;137;50;190;x;x;
290;119;223;29;x;x;
291;141;24;83;x;x;
292;16;141;101;x;x;
293;2;77;148;x;x;
294;45;111;32;x;x;
295;85;144;240;x;x;
296;183;21;227;x;x;
297;107;127;121;x;x;
298;48;135;61;x;x;
299;102;54;197;x;x;
300;218;1;49;x;x;
301;13;96;25;x;x;
302;190;171;24;x;x;
303;133;145;196;x;x;
304;139;105;60;x;x;
305;177;90;196;x;x;
306;226;165;92;x;x;
307;147;241;10;x;x;
308;0;65;73;x;x;
309;243;137;55;x;x;
310;236;210;199;x;x;
311;202;64;56;x;x;
312;26;22;173;x;x;
313;132;96;145;x;x;
314;10;193;33;x;x;
315;84;94;181;x;x;
316;250;205;88;x;x;
317;108;201;42;x;x;
318;230;134;81;x;x;
319;64;15;169;x;x;
320;174;252;123;x;x;
321;49;40;19;x;x;
322;51;177;245;x;x;
323;43;255;62;x;x;
324;137;139;189;x;x;
325;232;84;107;x;x;
326;0;190;7;x;x;
327;3;118;221;x;x;
328;173;168;222;x;x;
329;155;118;114;x;x;
330;194;85;41;x;x;
331;213;238;40;x;x;
332;252;255;198;x;x;
333;9;216;218;x;x;
334;246;162;82;x;x;
335;248;80;17;x;x;
336;43;95;136;x;x;
337;245;129;136;x;x;
338;38;56;208;MICHIPICOTEN;x;
339;67;76;75;x;x;
340;153;27;218;x;x;
341;32;191;124;x;x;
342;192;173;215;x;x;
343;149;229;210;x;x;
344;139;241;49;x;x;
345;155;114;67;x;x;
346;118;132;62;x;x;
347;99;33;201;x;x;
348;152;6;59;x;x;
349;16;18;95;x;x;
350;142;98;140;x;x;
351;73;94;209;x;x;
352;212;7;125;x;x;
353;247;162;54;x;x;
354;161;178;159;x;x;
355;128;101;14;x;x;
356;98;60;198;x;x;
357;38;5;119;x;x;
358;11;220;175;x;x;
359;103;18;65;x;x;
360;14;76;120;x;x;
361;36;150;80;x;x;
362;208;120;124;x;x;
363;111;26;138;x;x;
364;211;228;202;x;x;
365;168;143;249;x;x;
366;207;159;195;x;x;
367;224;238;27;x;x;
368;9;248;198;x;x;
369;215;65;202;x;x;
370;108;99;5;x;x;
371;203;45;162;x;x;
372;63;210;233;x;x;
373;11;115;36;x;x;
374;49;123;183;x;x;
375;192;115;189;x;x;
376;251;201;158;x;x;
377;32;3;79;x;x;
378;79;42;8;x;x;
379;218;160;153;x;x;
380;80;121;26;x;x;
381;225;239;37;x;x;
382;186;6;133;x;x;
383;7;68;161;x;x;
384;53;189;89;x;x;
385;160;16;214;x;x;
386;193;200;195;x;x;
387;119;113;11;x;x;
388;29;51;107;x;x;
389;79;42;8;x;x;
390;13;152;3;x;x;
391;234;30;7;x;x;
392;124;80;57;x;x;
393;71;209;148;x;x;
394;202;159;59;x;x;
395;183;91;69;x;x;
396;119;222;48;x;x;
397;172;204;176;x;x;
398;255;251;142;x;x;
399;24;78;231;x;x;
400;144;84;15;x;x;
401;30;109;34;ISLE_ROYALE;x;
402;116;206;117;x;x;
403;238;18;8;x;x;
404;113;147;133;x;x;
405;220;18;218;x;x;
406;121;225;132;x;x;
407;219;214;30;x;x;
408;60;28;143;x;x;
409;7;110;81;x;x;
410;251;206;182;x;x;
411;211;141;240;x;x;
412;81;39;139;x;x;
413;24;219;165;x;x;
414;60;71;112;x;x;
415;190;76;127;x;x;
416;196;192;212;x;x;
417;9;173;53;x;x;
418;205;190;250;x;x;
419;61;229;222;x;x;
420;126;44;87;x;x;
421;237;51;12;x;x;
422;41;45;182;x;x;
423;176;94;49;x;x;
424;183;25;151;x;x;
425;193;154;43;x;x;
426;0;41;173;x;x;
427;150;3;152;x;x;
428;229;17;48;x;x;
429;187;160;206;x;x;
430;35;29;33;x;x;
431;172;224;89;x;x;
432;96;6;244;x;x;
433;33;36;17;x;x;
434;235;61;41;x;x;
435;49;60;179;x;x;
436;146;181;147;x;x;
437;110;122;200;x;x;
438;111;0;205;x;x;
439;22;124;125;x;x;
440;150;68;71;x;x;
441;162;124;96;x;x;
442;11;87;180;x;x;
443;217;62;49;x;x;
444;13;227;87;x;x;
445;120;45;119;x;x;
446;82;48;238;x;x;
447;183;227;130;x;x;
448;185;0;192;x;x;
449;249;211;34;x;x;
450;169;71;97;x;x;
451;74;151;117;x;x;
452;50;219;247;x;x;
453;236;163;209;x;x;
454;16;214;16;x;x;
455;74;105;13;x;x;
456;231;184;52;x;x;
457;224;59;10;x;x;
458;197;90;233;x;x;
459;125;13;111;x;x;
460;93;114;213;x;x;
461;118;201;84;x;x;
462;250;231;102;x;x;
463;83;151;153;x;x;
464;161;197;23;x;x;
465;250;215;114;x;x;
466;240;215;245;x;x;
467;222;187;58;x;x;
468;2;125;179;x;x;
469;3;141;99;x;x;
470;233;152;126;x;x;
471;206;77;2;x;x;
472;157;130;249;x;x;
473;132;74;48;x;x;
474;178;124;190;x;x;
475;33;23;222;x;x;
476;129;91;48;x;x;
477;175;210;2;x;x;
478;232;129;139;x;x;
479;186;170;138;x;x;
480;191;106;16;x;x;
481;187;10;221;x;x;
482;73;162;109;x;x;
483;215;197;147;x;x;
484;21;86;54;x;x;
485;255;211;46;x;x;
486;88;42;92;x;x;
487;88;140;220;x;x;
488;46;207;79;x;x;
489;167;60;107;x;x;
490;108;134;14;x;x;
491;28;53;136;x;x;
492;180;120;3;x;x;
493;243;48;141;x;x;
494;1;232;171;x;x;
495;122;157;21;x;x;
496;136;47;220;x;x;
497;201;245;109;x;x;
498;53;40;2;x;x;
499;107;108;159;x;x;
500;81;28;20;x;x;
501;139;2;77;x;x;
502;138;180;83;x;x;
503;179;157;136;x;x;
504;202;227;27;x;x;
505;123;31;144;x;x;
506;112;100;50;x;x;
507;65;246;122;x;x;
508;252;63;63;x;x;
509;14;126;30;x;x;
510;79;222;228;x;x;
511;145;187;147;x;x;
512;83;26;100;x;x;
513;134;89;83;x;x;
514;76;214;70;x;x;
515;236;28;58;x;x;
516;221;219;118;x;x;
517;214;94;70;x;x;
518;176;163;127;x;x;
519;13;96;65;x;x;
520;16;196;152;x;x;
521;224;81;62;x;x;
522;159;101;154;x;x;
523;163;52;45;x;x;
524;93;43;136;x;x;
525;158;168;74;x;x;
526;126;3;3;x;x;
527;169;0;131;x;x;
528;255;195;59;x;x;
529;227;43;53;x;x;
530;92;177;131;x;x;
531;112;220;249;x;x;
532;87;87;16;x;x;
533;204;227;112;x;x;
534;27;33;136;x;x;
535;252;63;96;x;x;
536;113;207;93;x;x;
537;54;56;36;x;x;
538;136;81;138;x;x;
539;84;163;109;x;x;
540;151;54;46;x;x;
541;49;155;55;x;x;
542;232;100;34;x;x;
543;218;86;67;x;x;
544;29;58;137;x;x;
545;106;63;151;x;x;
546;140;47;0;x;x;
547;124;103;124;x;x;
548;157;157;211;x;x;
549;49;40;255;x;x;
550;215;28;58;x;x;
551;63;155;53;x;x;
552;255;16;118;x;x;
553;126;160;128;x;x;
554;95;164;151;x;x;
555;154;243;47;x;x;
556;222;84;149;ONTONAGON;x;
557;91;82;158;HOUGHTON;x;
558;45;47;42;COPPER_HARBOR;x;
559;97;59;25;PORTAGE_CHARTER;x;
560;249;173;31;BARAGA;x;
561;37;131;82;LANSE;x;
562;133;44;123;AMASA;x;
563;92;220;65;IRON_MOUNTAIN;x;
564;213;118;37;ARMSTRONG_CREEK;x;
565;26;56;28;LAKEWOOD;x;
566;155;220;249;MOUNTAIN;x;
567;215;82;185;MARINETTE;x;
568;177;38;39;ATHELSTANE;x;
569;116;68;241;WAUSAUKEE;x;
570;247;220;96;CEDAR RIVER;x;
571;239;38;39;ESCANABA_FOREST;x;
572;169;160;137;NORWAY;x;
573;50;43;151;FOSTER_CITY;x;
574;204;227;63;ISHPEMING;x;
575;43;70;108;MARQUETTE;x;
576;139;107;143;POWELL;x;
577;197;176;72;DEERTON;x;
578;49;124;55;ROCK;x;
579;255;195;133;ESCANABA;x;
580;167;158;135;BIG_BAY_DE_NOC;x;
581;87;79;16;HIAWATHA_FOREST;x;
582;35;9;170;MUNISING;x;
583;208;186;4;GRAND_MARAIS;x;
584;245;28;92;SENEY;x;
585;58;193;27;MANISTIQUE;x;
586;143;66;132;GOULD_CITY;x;
587;16;196;190;MCMILLAN;x;
588;83;49;52;DEER_PARK;x;
589;178;212;185;PARADISE;x;
590;60;213;43;NEWBERRY;x;
591;234;160;0;NAUBINWAY;x;
592;192;48;23;EPOUFETTE;x;
593;148;70;205;ECKERMAN;x;
594;115;28;134;WHITEFISH_BAY;x;
595;75;88;148;SAULT_STE_MARIE;x;
596;234;166;100;MACKINAC;x;
597;198;137;192;DE_TOUR;x;
598;141;119;30;COCKBURN_ISLAND;x;
599;174;64;199;BARRIE_ISLAND;x;
600;43;97;148;TEHKUMMAH;x;
601;105;240;208;FRENCH_RIVER;x;
602;216;232;157;PORT_LORING;x;
603;214;202;228;SOUTH_NIPISSING;x;
604;212;144;54;CORBEIL;x;
605;155;39;10;MATTAWA;x;
606;98;210;7;STONECLIFFE;x;
607;71;124;177;DEEP_RIVER;x;
608;252;184;131;PEMBROKE;x;
609;184;208;204;BEACHBURG;x;
610;212;251;45;RENFREW;x;
611;188;188;236;KINBURN;x;
612;195;220;130;OTTAWA;x;
613;192;9;42;CUMBERLAND;x;
614;48;36;149;WENDOVER;x;
615;52;148;129;HAWKESBURY;x;
616;204;4;176;VAUDREUIL-DORION;x;
617;245;197;51;LANCASTER;x;
618;126;227;229;CORNWALL;x;
619;190;124;109;SAINT_ISIDORE;x;
620;206;227;196;CASSELMAN;x;
621;13;113;76;WINCHESTER;x;
622;185;55;109;BROCKVILLE;x;
623;79;80;81;CARLETON_PLACE;x;
624;235;54;159;CALABOGIE;x;
625;80;126;210;WESTPORT;x;
626;25;117;107;GANANOQUE;x;
627;70;29;103;KINGSTON;x;
628;146;47;8;GREATER_NAPANEE;x;
629;114;209;92;BELLEVILLE;x;
630;175;231;11;CLOYNE;x;
631;10;138;2;DENBIGH;x;
632;106;127;32;DACRE;x;
633;175;233;8;COBDEN;x;
634;117;99;5;BARRYS_BAY;x;
635;95;62;133;EAST_ALGONQUIN;x;
636;170;100;239;WHITNEY;x;
637;227;118;149;LAKE_ST_PETER;x;
638;128;118;202;MCARTHURS_MILLS;x;
639;122;229;147;GUNTER;x;
640;203;53;9;COOPER;x;
641;224;233;210;BELLEVILLE;x;
642;71;211;90;PRINCE-EDWARD;x;
643;139;49;115;BRIGHTON;x;
644;230;153;34;x;x;
645;184;20;255;x;x;
646;18;14;133;x;x;
647;244;110;15;x;x;
648;142;12;21;x;x;
649;156;250;243;x;x;
650;227;208;223;x;x;
651;75;184;153;x;x;
652;89;110;43;x;x;
653;114;226;200;x;x;
654;247;89;42;x;x;
655;134;247;69;x;x;
656;10;129;232;x;x;
657;52;111;71;x;x;
658;209;30;104;x;x;
659;69;102;12;x;x;
660;209;51;71;x;x;
661;11;41;175;PETERBOROUGH;x;
662;239;131;115;COBOURG;x;
663;146;126;151;PORT_HOPE;x;
664;178;126;35;OSHAWA;x;
665;8;123;7;x;x;
666;175;133;217;x;x;
667;74;184;45;x;x;
668;227;164;76;x;x;
669;209;63;134;x;x;
670;179;141;150;x;x;
671;156;157;23;x;x;
672;204;15;81;x;x;
673;148;100;130;x;x;
674;73;32;240;x;x;
675;234;80;2;x;x;
676;76;213;60;x;x;
677;98;203;203;x;x;
678;200;198;107;x;x;
679;123;14;214;x;x;
680;217;54;116;x;x;
681;103;134;83;x;x;
682;221;232;17;x;x;
683;38;199;165;MARKHAM;x;
684;239;117;87;PICKERING;x;
685;79;246;115;TORONTO;x;
686;63;93;217;x;x;
687;202;152;7;x;x;
688;250;115;67;x;x;
689;185;62;202;x;x;
690;113;216;99;x;x;
691;28;36;171;x;x;
692;216;99;174;x;x;
693;32;224;224;x;x;
694;76;35;28;x;x;
695;32;76;28;x;x;
696;224;32;32;x;x;
697;59;58;175;x;x;
698;215;122;122;x;x;
699;63;249;28;x;x;
700;124;84;151;x;x;
701;92;191;19;x;x;
702;160;40;62;x;x;
703;179;17;17;x;x;
704;57;149;141;x;x;
705;213;215;37;x;x;
706;158;96;96;MISSISSAUGA;x;
707;133;183;179;HAMILTON;x;
708;1;21;20;WELLAND;x;
709;79;140;246;x;x;
710;160;138;40;x;x;
711;143;108;158;x;x;
712;38;135;34;x;x;
713;13;32;247;x;x;
714;191;155;24;x;x;
715;44;219;145;x;x;
716;28;32;76;x;x;
717;61;17;93;LONDON;x;
718;110;170;150;x;x;
719;98;0;0;SIMCOE;x;
720;231;107;186;PORT_ROWAN;x;
721;130;182;82;x;x;
722;188;187;168;x;x;
723;219;198;44;x;x;
724;156;47;64;SARNIA;x;
725;60;156;47;x;x;
726;138;33;148;WALPOLE;x;
727;132;148;207;CHATHAM;x;
728;126;198;59;WINDSOR;x;
729;255;16;60;BEAVER_ISLAND;x;
730;102;149;149;x;x;
731;100;218;83;x;x;
732;218;83;215;x;x;
733;76;72;8;x;x;
734;2;17;110;x;x;
738;246;172;181;x;x;
736;255;237;29;x;x;
737;13;8;136;x;x;
738;246;172;181;x;x;
739;51;208;185;x;x;
740;172;52;174;x;x;
741;192;59;51;x;x;
742;42;198;28;x;x;
743;55;201;213;x;x;
744;255;108;0;x;x;
745;247;222;137;x;x;
746;255;16;31;x;x;
747;253;221;99;x;x;
748;47;158;42;x;x;
749;149;26;219;x;x;
750;232;20;20;x;x;
751;111;215;216;x;x;
752;66;59;168;x;x;
753;71;168;68;x;x;
754;88;55;22;x;x;
755;219;118;86;x;x;
756;81;199;66;x;x;
757;157;44;205;x;x;
758;187;47;0;x;x;
759;131;109;28;x;x;
760;64;196;40;x;x;
761;169;0;150;x;x;
762;192;87;51;x;x;
763;225;182;75;x;x;
764;28;125;122;x;x;
765;190;46;27;x;x;
766;143;44;187;x;x;
767;113;230;231;x;x;
768;106;99;78;x;x;
769;185;169;0;x;x;
770;139;12;12;x;x;
771;214;177;139;ALMA;x;
772;49;40;196;BEAVERTON;x;
773;240;53;53;MIDLAND;x;
774;183;215;231;BAY_CITY;x;
775;77;63;63;SAND_POINT;x;
776;196;5;5;PORT HOPE;x;
777;84;98;187;PORT_SANILAC;x;
778;205;198;70;FORT_GRATIOT;x;
779;43;162;246;IMLAY_CITY;x;
780;162;13;150;KINGSTON;x;
781;32;188;77;FRANKENMUTH;x;
782;241;52;119;CILO;x;
783;18;45;125;THOMAS_TOWNSHIP;x;
784;64;192;41;ITHACA;x;
785;149;56;136;EDMORE;x;
786;168;3;62;ROCKFORD;x;
787;167;158;109;COOPERSVILLE;x;
788;55;109;46;FREMONT;x;
789;217;40;67;MUSKEGON;x;
790;98;225;50;HOLLAND;x;
791;81;39;208;GRAND_RAPIDS;x;
792;245;221;28;IONA;x;
793;146;193;153;ST_JOHNS;x;
794;71;37;81;CHESANING;x;
795;172;205;33;FLINT;x;
796;151;35;249;LAPEER;x;
797;41;135;15;DRYDEN;x;
798;255;74;74;RICHMOND;x;
799;221;128;208;DETROIT;x;
800;145;135;40;LIVONIA;x;
801;240;10;10;FENTON;x;
802;66;46;191;CHELSEA;x;
803;186;32;201;DURAND;x;
804;126;198;59;LANSING;x;
805;17;38;128;CHARLOTTE;x;
806;183;29;98;LAKE_ODESSA;x;
807;189;240;223;NASHVILLE;x;
808;94;89;88;PLAINWELL;x;
809;228;29;114;SOUTH_HAVEN;x;
810;7;247;1;KALAMAZOO;x;
811;189;152;94;BATTLE_CREEK;x;
812;126;161;6;TEKONSHA;x;
813;232;206;179;JACKSON;x;
814;197;54;155;MANCHESTER;x;
815;195;145;216;ANN_ARBOR;x;
816;18;127;127;DEARBORN;x;
817;129;0;251;MONROE;x;
818;133;134;88;DUNDEE;x;
819;30;238;156;MORENCI;x;
820;236;140;13;HILLSDALE;x;
821;59;159;84;ANGOLA;x;
822;84;14;159;STURGIS;x;
823;232;65;33;CASSOPOLIS;x;
824;27;231;235;BENTON_HARBOR;x;
825;227;24;75;MICHIGAN_CITY;x;
826;177;124;68;SOUTH_BEND;x;
827;225;164;135;ELKHART;x;
828;199;131;215;KENDALLVILLE;x;
829;174;15;53;AUBURN;x;
830;191;16;246;MONTPELIER;x;
831;144;77;7;NAPOLEON;x;
832;135;255;136;SWANTON;x;
833;216;226;54;TOLEDO;x;
834;196;18;92;OTTOWA_REFUGE;x;
835;45;130;42;SANDUSKY;x;
836;137;92;228;NORWALK;x;
837;79;227;178;LORAIN;x;
838;221;166;194;CLEVELAND;x;
839;248;240;38;x;x;
840;158;244;208;x;x;
841;64;169;145;x;x;
842;66;50;44;x;x;
843;133;136;247;x;x;
844;83;81;19;AKRON;x;
845;145;58;129;x;x;
846;241;71;62;x;x;
847;245;249;138;x;x;
848;13;212;32;FREMONT;x;
849;11;144;229;x;x;
850;187;68;199;x;x;
851;61;47;104;BOWLING_GREEN;x;
852;224;136;166;x;x;
853;100;102;156;x;x;
854;14;186;47;x;x;
855;231;198;216;x;x;
856;10;69;191;x;x;
857;159;196;12;x;x;
858;19;190;143;x;x;
859;115;199;103;x;x;
860;203;219;127;x;x;
861;21;31;21;GARY;x;
862;107;118;216;WHITING;x;
863;218;52;70;x;x;
864;68;221;130;x;x;
865;29;20;65;x;x;
866;162;164;8;x;x;
867;3;105;249;x;x;
868;77;7;128;x;x;
869;15;139;79;x;x;
870;251;112;33;x;x;
871;150;192;96;x;x;
872;95;13;159;x;x;
873;189;233;19;x;x;
874;5;186;135;MARYSVILLE;x;
875;160;19;129;DELAWARE;x;
876;158;186;152;x;x;
877;8;108;148;x;x;
878;17;239;54;x;x;
879;145;55;73;CANTON;x;
880;8;92;7;MINERVA;x;
881;120;245;32;YOUNGSTOWN;x;
882;204;218;58;LISBON;x;
883;51;153;171;STEUBENVILLE;x;
884;127;109;40;CARROLLTON;x;
885;115;12;149;NEW_PHILADELPHIA;x;
886;179;216;127;COSHOCTON;x;
887;109;30;247;MT_VERNON;x;
888;127;230;222;GRANVILLE;x;
889;241;199;240;COLUMBUS;x;
890;24;17;89;MARYSVILLE;x;
891;185;60;0;KENNARD;x;
892;152;130;49;SIDNEY;x;
893;167;19;196;LEWISBURG;x;
894;197;178;77;MASON;x;
895;226;90;184;BATAVIA;x;
896;46;50;39;WINCHESTER;x;
897;49;158;14;WILMINGTON;x;
898;30;101;246;DAYTON;x;
899;230;72;81;VANDALIA;x;
900;12;160;13;WEST_JEFFERSON;x;
901;92;130;120;WASHINGTON_COURTHOUSE;x;
902;220;104;176;HILLSBORO;x;
903;198;145;244;BLUE_CREEK;x;
904;86;55;209;PORTSMOUTH;x;
905;2;159;175;PIKETON;x;
906;96;14;11;CHILLICOTHE;x;
907;211;106;12;CIRCLEVILLE;x;
908;13;91;26;LOGAN;x;
909;255;249;7;x;x;
910;128;15;11;x;x;
911;43;221;36;x;x;
912;62;31;104;x;x;
913;14;223;16;x;x;
914;83;63;223;x;x;
915;223;126;100;x;x;
916;157;101;58;NEWARK;x;
917;246;79;222;x;x;
918;207;140;123;x;x;
919;243;144;2;x;x;
920;214;24;46;WHEELING;x;
921;17;179;85;x;x;
922;127;43;64;x;x;
923;1;187;217;x;x;
924;87;231;143;x;x;
925;125;12;205;x;x;
926;153;114;147;x;x;
927;68;99;217;x;x;
928;180;163;190;x;x;
929;197;254;85;x;x;
930;113;226;207;x;x;
931;130;58;74;x;x;
932;208;151;204;x;x;
933;25;36;36;x;x;
934;60;177;127;x;x;
935;148;132;254;x;x;
936;94;165;10;x;x;
937;157;6;229;x;x;
938;33;213;87;x;x;
939;127;98;46;x;x;
940;164;40;143;x;x;
941;120;238;115;x;x;
942;92;14;14;x;x;
943;21;215;9;x;x;
944;110;127;144;x;x;
945;44;0;129;x;x;
946;152;88;34;x;x;
947;246;252;192;x;x;
948;122;198;177;x;x;
949;175;171;148;x;x;
950;81;96;16;x;x;
951;157;76;141;x;x;
952;134;220;149;x;x;
953;197;24;61;x;x;
954;241;215;110;x;x;
955;8;192;240;x;x;
956;152;196;77;x;x;
957;202;223;23;x;x;
958;15;209;48;x;x;
959;244;255;163;x;x;
960;168;164;8;x;x;
961;197;57;231;x;x;
962;73;116;24;x;x;
963;248;129;186;x;x;
964;220;110;27;x;x;
965;77;175;201;x;x;
966;137;171;60;x;x;
967;67;192;24;x;x;
968;253;197;35;x;x;
969;129;0;90;x;x;
970;110;223;119;x;x;
971;197;80;37;x;x;
972;0;164;149;x;x;
973;205;251;118;x;x;
974;101;30;167;x;x;
975;117;207;228;x;x;
976;190;247;140;x;x;
977;34;43;48;x;x;
978;184;148;77;x;x;
979;248;152;101;x;x;
980;54;65;208;x;x;
981;167;132;184;x;x;
982;144;77;7;x;x;
983;253;160;100;x;x;
984;198;229;231;x;x;
985;199;68;44;x;x;
986;127;3;103;x;x;
987;117;20;239;x;x;
988;72;255;140;x;x;
989;178;4;173;x;x;
990;80;89;45;x;x;
991;243;242;0;x;x;
992;6;119;141;x;x;
993;220;70;87;x;x;
994;94;226;73;x;x;
995;78;68;176;x;x;
996;212;84;208;x;x;
997;95;199;156;x;x;
998;247;208;110;x;x;
999;87;216;93;x;x;
1000;157;129;224;x;x;
1001;194;239;20;x;x;
1002;64;91;201;x;x;
1003;113;68;78;x;x;
1004;133;229;57;x;x;
1005;123;98;62;x;x;
1006;192;205;165;x;x;
1007;60;124;233;x;x;
1008;253;86;138;x;x;
1009;218;228;72;x;x;
1010;160;13;46;x;x;
1011;118;124;32;x;x;
1012;184;80;31;x;x;
1013;194;61;189;x;x;
1014;129;246;213;x;x;
1015;227;242;2;x;x;
1016;186;145;123;x;x;
1017;208;230;0;x;x;
1018;50;201;165;x;x;
1019;177;193;155;x;x;
1020;30;52;105;CINCINNATI;x;
1021;106;26;228;x;x;
1022;38;15;0;x;x;
1023;138;169;41;x;x;
1024;6;34;81;x;x;
1025;254;36;248;x;x;
1026;42;80;33;x;x;
1027;191;146;122;x;x;
1028;85;181;249;x;x;
1029;175;218;134;x;x;
1030;119;72;33;x;x;
1031;246;211;130;x;x;
1032;212;244;156;x;x;
1033;247;16;93;x;x;
1034;243;134;179;x;x;
1035;168;197;48;x;x;
1036;45;94;218;x;x;
1037;60;225;60;x;x;
1038;231;80;188;x;x;
1039;150;21;220;x;x;
1040;219;192;195;x;x;
1041;138;140;186;x;x;
1042;203;19;228;x;x;
1043;88;227;77;COVINGTON;x;
1044;229;224;58;x;x;
1045;154;237;51;x;x;
1046;215;141;36;x;x;
1047;62;10;6;x;x;
1048;179;238;108;x;x;
1049;3;172;132;x;x;
1050;175;73;98;x;x;
1051;78;92;88;x;x;
1052;150;8;90;x;x;
1053;192;221;201;x;x;
1054;198;240;71;x;x;
1055;132;190;246;x;x;
1056;237;141;166;x;x;
1057;201;179;82;x;x;
1058;118;110;190;x;x;
1059;118;48;141;x;x;
1060;59;243;217;x;x;
1061;12;140;39;x;x;
1062;172;178;140;x;x;
1063;148;179;183;x;x;
1064;7;124;253;x;x;
1065;205;239;103;x;x;
1066;70;191;92;x;x;
1067;174;93;102;x;x;
1068;56;234;181;x;x;
1069;63;127;107;x;x;
1070;44;36;203;x;x;
1071;180;147;6;x;x;
1072;225;152;210;x;x;
1073;8;38;208;x;x;
1074;228;241;71;x;x;
1075;156;183;142;x;x;
1076;153;120;44;x;x;
1077;160;176;106;x;x;
1078;209;97;25;x;x;
1079;207;249;239;x;x;
1080;225;187;6;x;x;
1081;206;186;87;x;x;
1082;75;17;192;x;x;
1083;43;176;194;x;x;
1084;104;14;85;x;x;
1085;72;190;103;x;x;
1086;101;141;184;x;x;
1087;231;175;102;x;x;
1088;12;229;154;x;x;
1089;157;24;2;x;x;
1090;152;204;185;x;x;
1091;204;79;19;x;x;
1092;253;160;18;x;x;
1093;200;33;84;x;x;
1094;39;10;121;x;x;
1095;7;154;160;x;x;
1096;105;85;255;x;x;
1097;157;144;97;x;x;
1098;198;127;211;x;x;
1099;149;145;171;x;x;
1100;67;22;19;x;x;
1101;42;126;14;x;x;
1102;144;33;149;x;x;
1103;42;126;152;x;x;
1104;207;17;17;x;x;
1105;134;130;223;x;x;
1106;112;78;75;ST_LOUIS;x;
1107;167;41;186;x;x;
1108;145;212;43;x;x;
1109;255;108;22;x;x;
1110;218;186;218;x;x;
1111;231;208;93;x;x;
1112;189;44;44;x;x;
1113;112;220;134;x;x;
1114;198;197;28;x;x;
1115;176;163;112;x;x;
1116;77;166;162;x;x;
1117;137;131;118;x;x;
1118;100;91;36;x;x;
1119;124;195;133;x;x;
1120;167;123;127;x;x;
1121;43;182;124;x;x;
1122;90;9;96;x;x;
1123;132;229;28;x;x;
1124;205;109;28;x;x;
1125;104;12;121;x;x;
1126;146;96;81;x;x;
1127;132;146;157;x;x;
1128;92;59;88;x;x;
1129;217;194;54;x;x;
1130;39;204;88;x;x;
1131;50;138;80;x;x;
1132;91;237;177;x;x;
1133;152;105;168;x;x;
1134;36;109;90;x;x;
1135;215;136;96;x;x;
1136;237;57;74;x;x;
1137;19;87;0;x;x;
1138;255;195;87;x;x;
1139;121;216;66;x;x;
1140;157;15;195;x;x;
1141;161;226;52;x;x;
1142;9;32;195;x;x;
1143;136;57;88;x;x;
1144;165;73;25;x;x;
1145;210;225;19;x;x;
1146;38;88;127;x;x;
1147;147;191;102;x;x;
1148;252;62;20;x;x;
1149;218;224;180;x;x;
1150;136;38;176;x;x;
1151;81;111;31;x;x;
1152;97;66;31;x;x;
1153;6;32;129;x;x;
1154;186;83;219;x;x;
1155;204;213;50;x;x;
1156;153;153;80;x;x;
1157;239;99;86;x;x;
1158;97;181;138;x;x;
1159;171;220;199;x;x;
1160;69;97;127;x;x;
1161;249;47;90;x;x;
1162;78;218;202;x;x;
1163;156;66;108;x;x;
1164;96;121;26;x;x;
1165;189;116;230;x;x;
1166;161;133;148;x;x;
1167;28;84;45;x;x;
1168;1;93;82;x;x;
1169;153;153;80;x;x;
1170;76;47;39;x;x;
1171;126;123;82;x;x;
1172;211;110;112;x;x;
1173;59;131;189;x;x;
1174;65;34;39;x;x;
1175;0;143;57;x;x;
1176;243;159;24;x;x;
1177;201;60;32;x;x;
1178;30;36;96;x;x;
1179;201;60;32;x;x;
1180;53;77;115;x;x;
1181;74;25;44;x;x;
1182;210;198;61;x;x;
1183;156;28;247;x;x;
1184;30;250;223;x;x;
1185;180;184;111;x;x;
1186;244;73;8;x;x;
1187;102;239;17;x;x;
1188;155;59;141;x;x;
1189;153;24;41;x;x;
1190;107;57;208;x;x;
1191;197;116;105;x;x;
1192;169;211;35;x;x;
1193;128;38;229;x;x;
1194;252;89;40;x;x;
1195;220;36;71;x;x;
1196;143;139;102;x;x;
1197;237;118;14;x;x;
1198;56;218;188;x;x;
1199;218;94;34;x;x;
1200;179;103;17;x;x;
1201;62;107;60;x;x;
1202;240;177;227;x;x;
1203;79;17;226;x;x;
1204;46;58;35;x;x;
1205;203;40;33;x;x;
1206;73;103;141;x;x;
1207;222;19;66;x;x;
1208;14;41;75;x;x;
1209;228;160;16;x;x;
1210;51;47;44;x;x;
1211;109;63;91;x;x;
1212;254;0;17;x;x;
1213;126;123;82;x;x;
1214;31;58;61;x;x;
1215;177;66;72;x;x;
1216;74;93;109;x;x;
1217;61;100;45;x;x;
1218;202;196;176;x;x;
1219;229;81;55;x;x;
1220;142;64;42;x;x;
1221;243;159;24;x;x;
1222;125;132;113;x;x;
1223;245;64;33;x;x;
1224;178;157;37;x;x;
1225;234;66;66;x;x;
1226;37;102;92;x;x;
1227;9;11;226;x;x;
1228;221;233;195;x;x;
1229;174;160;75;x;x;
1230;174;77;236;x;x;
1231;180;76;67;x;x;
1232;207;211;205;x;x;
1233;111;79;40;x;x;
1234;47;53;59;x;x;
1235;208;208;217;x;x;
1236;180;19;219;x;x;
1237;164;93;71;x;x;
1238;138;31;153;x;x;
1239;234;20;24;x;x;
1240;124;164;12;x;x;
1241;193;135;107;x;x;
1242;234;137;154;x;x;
1243;0;187;45;x;x;
1244;94;33;41;x;x;
1245;64;244;227;x;x;
1246;118;246;29;x;x;
1247;79;50;19;x;x;
1248;46;58;35;x;x;
1249;35;26;36;x;x;
1250;32;33;79;x;x;
1251;100;28;52;x;x;
1252;142;64;42;x;x;
1253;48;132;70;x;x;
1254;138;149;151;x;x;
1255;179;40;33;x;x;
1256;137;172;118;x;x;
1257;96;110;140;x;x;
1258;118;60;40;x;x;
1259;255;164;32;x;x;
1260;179;40;33;x;x;
1261;73;126;118;x;x;
1262;165;32;25;x;x;
1263;0;40;0;x;x;
1264;206;239;125;x;x;
1265;136;0;138;x;x;
1266;111;189;120;x;x;
1267;124;89;180;x;x;
1268;109;74;40;x;x;
1269;106;24;40;x;x;
1270;145;81;40;x;x;
1271;67;69;87;x;x;
1272;86;89;83;x;x;
1273;29;85;23;x;x;
1274;255;74;31;x;x;
1275;59;40;127;x;x;
1276;143;21;21;x;x;
1277;200;143;52;x;x;
1278;18;127;87;x;x;
1279;186;32;155;x;x;
1280;116;85;89;x;x;
1281;36;21;105;x;x;
1282;92;216;66;x;x;
1283;198;227;51;x;x;
1284;91;122;122;x;x;
1285;128;37;121;x;x;
1286;147;25;33;x;x;
1287;169;197;22;x;x;
1288;134;187;181;x;x;
1289;140;17;17;x;x;
1290;101;100;189;x;x;
1291;215;19;19;x;x;
1292;137;52;119;x;x;
1293;23;186;21;x;x;
1294;211;241;61;x;x;
1295;202;73;25;x;x;
1296;81;39;180;x;x;
1297;249;173;118;x;x;
1298;34;118;40;x;x;
1299;91;78;154;x;x;
1300;59;174;74;x;x;
1301;54;63;98;CENTERVILLE;x;
1302;224;188;64;x;x;
1303;196;33;49;x;x;
1304;129;97;102;x;x;
1305;93;133;96;x;x;
1306;227;145;37;x;x;
1307;236;84;87;x;x;
1308;18;140;87;x;x;
1309;168;77;156;x;x;
1310;63;78;144;x;x;
1311;79;183;110;x;x;
1312;199;27;52;x;x;
1313;230;170;69;x;x;
1314;66;89;160;x;x;
1315;159;196;154;x;x;
1316;209;229;62;x;x;
1317;146;228;111;x;x;
1318;221;50;81;x;x;
1319;86;201;47;CHICAGO;x;
1320;162;18;136;x;x;
1321;36;54;126;x;x;
1322;99;86;47;x;x;
1323;90;22;96;x;x;
1324;49;100;55;x;x;
1325;171;76;185;x;x;
1326;233;192;56;x;x;
1327;216;37;16;x;x;
1328;48;182;170;x;x;
1329;229;232;33;x;x;
1330;109;146;212;x;x;
1331;227;0;114;x;x;
1332;249;173;106;x;x;
1333;19;87;0;x;x;
1334;127;91;36;x;x;
1335;141;105;118;x;x;
1336;64;103;164;x;x;
1337;147;221;106;x;x;
1338;182;223;92;x;x;
1339;138;34;139;x;x;
1340;192;17;13;x;x;
1341;137;199;118;x;x;
1342;44;153;32;x;x;
1343;141;144;153;x;x;
1344;133;15;147;MILWAUKEE;x;
1345;88;178;115;CEDAR_GROVE;x;
1346;227;2;37;HARTFORD;x;
1347;156;98;101;WATERTOWN;x;
1348;237;216;73;SUN_PRARIE;x;
1349;167;25;179;MADISON;x;
1350;183;208;48;BARNVELD;x;
1351;58;148;45;JONESDALE;x;
1352;18;179;141;DODGEVILLE;x;
1353;198;56;26;RICHLAND_CENTER;x;
1354;208;221;109;HILLSBORO;x;
1355;59;204;86;BARABOO;x;
1356;110;64;50;PORTAGE;x;
1357;205;137;28;RANDOLPH;x;
1358;30;157;138;COLUMBUS;x;
1359;84;39;133;LOMIRA;x;
1360;205;78;28;SHEBOYGAN;x;
1361;64;192;81;BROTHERTOWN;x;
1362;216;0;87;OSHKOSH;x;
1363;175;139;191;EUREKA;x;
1364;43;110;33;xMONTELLO;x;
1365;122;75;67;FRIENDSHIP;x;
1366;68;220;249;WISCONSIN_DELLS;x;
1367;251;159;60;NEW_LISBON;x;
1368;92;216;127;NECEDAH;x;
1369;245;28;53;PITTSVILLE;x;
1370;18;45;159;MARSHFIELD;x;
1371;249;173;65;ATHENS;x;
1372;95;115;151;MEDFORD;x;
1373;116;232;98;TOMAHAWK;x;
1374;19;40;0;MERRILL;x;
1375;167;158;149;WAUSAU;x;
1376;181;155;74;WISCONSIN_RAPIDS;x;
1377;143;67;207;COTTONVILLE;x;
1378;78;163;33;PLAINFIELD;x;
1379;192;179;51;STEVENS_POINT;x;
1380;216;0;56;HOGARTY;x;
1381;247;222;40;DUTCH_CORNERS;x;
1382;159;101;154;ANTIGO;x;
1383;184;145;37;BOWLER;x;
1384;115;80;109;WITTENBERG;x;
1385;58;211;193;WEYAUWEGA;x;
1386;224;37;23;WAUTOMA;x;
1387;176;163;33;APPLETON;x;
1388;104;193;193;KAUKAUNA;x;
1389;236;3;45;MARIBEL;x;
1390;115;135;134;MANITOWOC;x;
1391;135;58;157;TWO_RIVERS;x;
1392;39;148;151;STURGEON_BAY;x;
1393;50;162;93;EGG_HARBOR;x;
1394;221;205;104;BELLEVUE;x;
1395;104;12;102;GREEN_BAY;x;
1396;211;3;45;SEYMOUR;x;
1397;159;68;93;PULASKI;x;
1398;92;177;77;SUAMICO;x;
1399;131;99;64;OCONTO_FALLS;x;
1400;1;87;24;CONNEAUT;x;
1401;113;5;83;ERIE;x;
1402;134;18;10;NORTH_EAST;x;
1403;121;214;121;FREDONIA;x;
1404;247;244;28;ANGOLA;x;
1405;119;201;32;BUFFALO;x;
1406;194;50;50;NIAGARA_FALLS;x;
1407;186;32;201;MEDINA;x;
1408;0;130;64;BROCKPORT;x;
1409;199;72;1;ROCHESTER;x;
1410;198;227;250;WOLCOTT;x;
1411;161;199;140;OSWEGO;x;
1412;244;119;36;x;x;
1413;202;66;150;x;x;
1414;107;234;4;x;x;
1415;64;94;215;x;x;
1416;144;110;88;x;x;
1417;165;40;225;x;x;
1418;210;154;146;x;x;
1419;114;139;143;x;x;
1420;149;121;56;x;x;
1421;221;121;56;x;x;
1422;253;87;131;x;x;
1423;69;183;53;x;x;
1424;64;84;134;x;x;
1425;237;122;227;x;x;
1426;150;133;2;x;x;
1427;224;84;222;x;x;
1428;137;230;126;x;x;
1429;250;148;127;x;x;
1430;17;229;176;x;x;
1431;61;124;208;x;x;
1432;96;88;22;x;x;
1433;228;222;39;x;x;
1434;61;244;88;x;x;
1435;110;218;187;x;x;
1436;234;124;244;x;x;
1437;186;209;16;x;x;
1438;14;145;72;x;x;
1439;17;11;47;x;x;
1440;146;91;91;x;x;
1441;196;146;137;x;x;
1442;231;59;220;x;x;
1443;96;60;90;x;x;
1444;126;170;112;x;x;
1445;103;17;96;x;x;
1446;175;245;87;x;x;
1447;156;77;69;x;x;
1448;180;242;25;x;x;
1449;236;4;62;x;x;
1450;92;140;135;x;x;
1451;200;126;230;x;x;
1452;76;73;183;x;x;
1453;243;148;48;x;x;
1454;2;150;142;x;x;
1455;210;175;61;x;x;
1456;90;138;138;x;x;
1457;223;166;192;x;x;
1458;173;222;16;x;x;
1459;118;57;122;x;x;
1460;251;152;148;x;x;
1461;225;30;194;x;x;
1462;244;192;55;x;x;
1463;7;53;143;x;x;
1464;176;152;165;x;x;
1465;199;73;214;x;x;
1466;201;199;2;x;x;
1467;99;107;176;x;x;
1468;39;57;13;x;x;
1469;6;125;230;x;x;
1470;113;242;163;x;x;
1471;220;216;118;x;x;
1472;115;101;133;x;x;
1473;209;14;92;x;x;
1474;134;62;235;x;x;
1475;242;22;115;x;x;
1476;100;105;150;x;x;
1477;157;71;85;x;x;
1478;58;172;130;x;x;
1479;113;167;53;x;x;
1480;106;80;33;x;x;
1481;197;111;128;x;x;
1482;13;177;205;x;x;
1483;83;172;14;x;x;
1484;154;246;40;x;x;
1485;245;79;161;x;x;
1486;49;131;34;x;x;
1487;226;171;252;x;x;
1488;173;160;95;x;x;
1489;16;56;149;x;x;
1490;186;140;4;x;x;
1491;165;163;173;x;x;
1492;122;102;202;x;x;
1493;119;91;76;x;x;
1494;47;7;20;x;x;
1495;87;43;204;x;x;
1496;219;186;44;x;x;
1497;245;214;204;x;x;
1498;58;135;198;x;x;
1499;91;152;3;x;x;
1500;113;27;136;x;x;
1501;172;167;12;x;x;
1502;157;188;140;x;x;
1503;16;210;197;x;x;
1504;225;138;52;x;x;
1505;232;99;100;x;x;
1506;166;246;156;x;x;
1507;14;125;98;x;x;
1508;142;236;16;x;x;
1509;112;172;69;x;x;
1510;24;13;247;x;x;
1511;168;213;69;x;x;
1512;63;226;125;x;x;
1513;247;152;82;x;x;
1514;137;170;192;x;x;
1515;119;117;32;x;x;
1516;78;104;139;x;x;
1517;212;55;41;x;x;
1518;235;133;82;x;x;
1519;132;197;75;x;x;
1520;89;136;137;x;x;
1521;208;143;79;x;x;
1522;173;24;24;x;x;
1523;23;128;143;x;x;
1524;173;138;24;x;x;
1525;63;67;77;x;x;
1526;222;157;190;x;x;
1527;212;59;46;x;x;
1528;206;214;41;x;x;
1529;192;232;214;x;x;
1530;24;212;83;x;x;
1531;70;50;62;x;x;
1532;248;9;77;x;x;
1533;19;45;178;x;x;
1534;0;79;0;x;x;
1535;174;82;187;x;x;
1536;26;219;91;x;x;
1537;136;149;36;x;x;
1538;47;60;8;x;x;
1539;255;137;244;x;x;
1540;139;115;193;x;x;
1541;173;63;24;x;x;
1542;54;220;89;x;x;
1543;219;4;23;x;x;
1544;84;155;182;x;x;
1545;67;146;22;x;x;
1546;144;126;179;x;x;
1547;253;62;195;x;x;
1548;169;134;105;x;x;
1549;213;78;55;x;x;
1550;149;159;31;x;x;
1551;34;245;7;x;x;
1552;97;44;54;x;x;
1553;168;240;109;x;x;
1554;0;198;180;x;x;
1555;146;22;108;x;x;
1556;181;178;87;x;x;
1557;135;28;103;x;x;
1558;224;135;107;x;x;
1559;61;193;38;x;x;
1560;208;102;49;DEAL_ISLAND;x;
1561;107;160;149;CHINCOTEAGUE;x;
1562;231;87;87;ONLEY;x;
1563;197;176;28;BERLIN;x;
1564;100;146;107;SALISBURY;x;
1565;188;110;162;OCEAN_CITY;x;
1566;168;3;212;LEWES;x;
1567;168;3;62;MILLFORD;x;
1568;43;105;213;DENTON;x;
1569;87;57;36;DOVER;x;
1570;87;123;181;WILMINGTON;x;
1571;103;79;67;BRIDGETON;x;
1572;211;183;169;ATLANTIC_CITY;x;
1573;16;16;219;TOMS_RIVER;x;
1574;0;164;0;LAKEWOOD;x;
1575;188;54;45;EDISON;x;
1576;216;0;255;TRENTON;x;
1577;13;148;140;PHILADEPHIA;x;
1578;218;205;83;x;x;
1579;4;41;45;x;x;
1580;182;1;221;x;x;
1581;55;66;62;x;x;
1582;93;220;159;x;x;
1583;234;39;156;x;x;
1584;60;122;71;x;x;
1585;245;142;187;x;x;
1586;49;138;62;x;x;
1587;184;87;80;x;x;
1588;123;250;247;x;x;
1589;181;240;148;x;x;
1590;196;179;114;x;x;
1591;3;249;117;x;x;
1592;15;43;159;x;x;
1593;205;119;64;x;x;
1594;236;166;172;x;x;
1595;113;235;20;x;x;
1596;36;238;165;x;x;
1597;144;38;10;x;x;
1598;205;131;23;x;x;
1599;179;232;82;x;x;
1600;43;95;204;x;x;
1601;219;40;38;x;x;
1602;157;37;156;x;x;
1603;67;124;223;x;x;
1604;63;146;27;x;x;
1605;42;200;226;x;x;
1606;245;126;33;x;x;
1607;161;202;84;x;x;
1608;64;84;134;x;x;
1609;177;22;23;x;x;
1610;174;213;165;x;x;
1611;202;155;95;x;x;
1612;109;166;41;x;x;
1613;157;68;182;x;x;
1614;242;225;127;x;x;
1615;158;13;236;x;x;
1616;234;49;121;x;x;
1617;218;255;123;x;x;
1618;106;156;134;x;x;
1619;242;112;5;x;x;
1620;149;253;56;x;x;
1621;223;91;29;x;x;
1622;68;222;190;x;x;
1623;215;113;187;x;x;
1624;122;34;211;x;x;
1625;29;206;71;x;x;
1626;213;237;88;x;x;
1627;243;212;86;x;x;
1628;126;78;115;x;x;
1629;17;172;132;x;x;
1630;155;147;19;x;x;
1631;121;188;37;x;x;
1632;232;39;106;x;x;
1633;181;90;255;x;x;
1634;249;124;231;x;x;
1635;168;61;223;x;x;
1636;171;148;145;x;x;
1637;120;107;234;x;x;
1638;2;53;35;x;x;
1639;217;166;19;x;x;
1640;101;240;72;x;x;
1641;37;70;2;x;x;
1642;114;202;249;x;x;
1643;211;173;149;x;x;
1644;200;216;95;x;x;
1645;228;51;38;x;x;
1646;1;71;202;x;x;
1647;8;119;109;x;x;
1648;130;109;244;x;x;
1649;130;213;184;x;x;
1650;230;60;45;x;x;
1651;38;167;42;x;x;
1652;204;198;221;x;x;
1653;242;244;66;x;x;
1654;123;139;243;x;x;
1655;133;60;17;x;x;
1656;15;1;12;x;x;
1657;206;37;52;x;x;
1658;171;237;77;x;x;
1659;154;32;210;x;x;
1660;165;142;0;x;x;
1661;151;43;124;x;x;
1662;182;219;90;x;x;
1663;41;138;208;x;x;
1664;91;210;5;x;x;
1665;138;157;83;x;x;
1666;84;45;46;x;x;
1667;25;107;138;x;x;
1668;209;161;79;x;x;
1669;89;175;96;x;x;
1670;66;242;10;x;x;
1671;14;247;239;x;x;
1672;206;191;175;x;x;
1673;70;28;179;x;x;
1674;209;147;181;x;x;
1675;241;35;21;x;x;
1676;135;199;177;x;x;
1677;23;65;229;x;x;
1678;44;233;28;x;x;
1679;164;106;102;x;x;
1680;94;148;54;x;x;
1681;216;77;6;x;x;
1682;61;88;198;x;x;
1683;201;32;145;NEW_YORK;x;
1684;73;241;36;BROOKLYN;x;
1685;125;113;164;BAY_SHORE;x;
1686;28;128;131;SOUTHAMPTON;x;
1687;78;123;49;x;x;
1688;220;237;183;x;x;
1689;108;147;155;x;x;
1690;131;109;28;x;x;
1691;53;38;138;NEWPORT;x;
1692;193;170;188;NANTUCKET;x;
1693;175;95;153;PLYMOUTH;x;
1694;79;206;75;FALL_RIVER;x;
1695;18;113;15;PROVIDENCE;x;
1696;7;61;146;x;x;
1697;222;74;111;x;x;
1698;85;250;38;x;x;
1699;239;48;133;x;x;
1700;204;215;167;x;x;
1701;236;122;43;x;x;
1702;211;6;124;FOXBOROUGH;x;
1703;93;110;197;QUINCY;x;
1704;103;81;65;BOSTON;x;
1705;48;10;161;x;x;
1706;176;156;205;x;x;
1707;104;195;147;x;x;
1708;140;70;245;x;x;
1709;252;103;121;x;x;
1710;205;214;151;x;x;
1711;223;38;1;x;x;
1712;225;199;90;x;x;
1713;126;216;171;x;x;
1714;86;10;119;x;x;
1715;172;209;30;x;x;
1716;141;58;243;x;x;
1717;31;231;144;x;x;
1718;220;233;113;x;x;
1719;185;73;5;x;x;
1720;58;174;23;x;x;
1721;218;128;73;x;x;
1722;86;16;73;x;x;
1723;227;179;144;x;x;
1724;102;130;105;x;x;
1725;73;144;226;x;x;
1726;109;25;176;x;x;
1727;124;205;21;x;x;
1728;238;113;95;x;x;
1729;12;68;86;x;x;
1730;214;225;141;x;x;
1731;59;168;190;x;x;
1732;246;246;127;x;x;
1733;127;204;135;x;x;
1734;105;138;117;x;x;
1735;119;147;197;x;x;
1736;78;220;166;x;x;
1737;213;27;15;x;x;
1738;241;146;68;x;x;
1739;204;11;66;x;x;
1740;21;81;108;x;x;
1741;88;167;249;x;x;
1742;164;144;41;x;x;
1743;181;245;52;x;x;
1744;85;67;116;x;x;
1745;6;96;217;x;x;
1746;236;66;56;x;x;
1747;12;128;203;x;x;
1748;32;162;19;x;x;
1749;42;7;34;x;x;
1750;253;240;195;x;x;
1751;177;41;222;x;x;
1752;61;130;145;x;x;
1753;86;235;69;x;x;
1754;121;254;244;x;x;
1755;82;205;81;x;x;
1756;6;107;224;x;x;
1757;16;175;93;x;x;
1758;177;16;193;x;x;
1759;141;89;91;x;x;
1760;3;238;23;x;x;
1761;45;248;179;x;x;
1762;196;96;59;x;x;
1763;217;143;179;x;x;
1764;182;156;12;x;x;
1765;106;132;96;x;x;
1766;144;43;26;x;x;
1767;182;247;17;x;x;
1768;129;135;252;x;x;
1769;238;105;44;x;x;
1770;86;55;11;x;x;
1771;200;190;53;x;x;
1772;125;138;92;x;x;
1773;204;211;105;x;x;
1774;150;127;159;x;x;
1775;151;208;166;x;x;
1776;8;172;80;x;x;
1777;214;175;51;x;x;
1778;62;15;27;x;x;
1779;60;26;159;x;x;
1780;208;205;166;x;x;
1781;177;41;222;x;x;
1782;211;233;250;x;x;
1783;126;225;130;x;x;
1784;193;152;13;x;x;
1785;7;154;79;x;x;
1786;210;60;92;x;x;
1787;29;97;45;x;x;
1788;231;88;107;x;x;
1789;155;201;20;x;x;
1790;56;191;144;x;x;
1791;45;9;112;x;x;
1792;188;62;9;x;x;
1793;250;30;116;x;x;
1794;8;180;165;x;x;
1795;138;39;114;x;x;
1796;35;97;232;x;x;
1797;211;3;45;GRAND_MANAN;x;
1798;2;232;67;x;x;
1799;27;198;229;x;x;
1800;22;218;141;x;x;
1801;96;54;242;x;x;
1802;54;20;21;x;x;
1803;91;128;161;x;x;
1804;55;48;58;x;x;
1805;105;173;105;x;x;
1806;110;1;68;x;x;
1807;204;48;59;x;x;
1808;118;107;99;x;x;
1809;68;195;33;x;x;
1810;247;204;68;x;x;
1811;117;41;161;x;x;
1812;224;59;51;x;x;
1813;136;150;3;x;x;
1814;44;210;95;x;x;
1815;129;250;156;x;x;
1816;235;237;16;x;x;
1817;11;60;245;x;x;
1818;162;34;30;x;x;
1819;204;139;166;x;x;
1820;3;213;81;x;x;
1821;105;115;122;x;x;
1822;163;77;155;x;x;
1823;82;53;77;x;x;
1824;127;199;95;x;x;
1825;178;185;84;x;x;
1826;20;57;45;x;x;
1827;99;113;140;x;x;
1828;173;15;7;RIVIERE-AU-RENARD;x;
1829;66;34;181;GASPE;x;
1830;131;34;50;x;x;
1831;102;69;216;x;x;
1832;55;129;41;x;x;
1833;219;221;68;PERCE;x;
1834;143;46;46;CHANDLER;x;
1835;7;173;143;x;x;
1836;79;100;128;x;x;
1837;153;114;19;x;x;
1838;49;162;198;x;x;
1839;224;48;101;x;x;
1840;167;170;120;x;x;
1841;40;90;72;x;x;
1842;156;161;39;x;x;
1843;33;98;15;x;x;
1844;225;84;20;x;x;
1845;175;122;79;x;x;
1846;36;245;144;x;x;
1847;1;13;224;X;x;
1848;220;126;117;CARAQUET;x;
1849;174;158;44;x;x;
1850;164;229;101;x;x;
1851;67;161;239;x;x;
1852;90;98;124;x;x;
1853;109;148;216;x;x;
1854;35;170;67;x;x;
1855;180;223;83;x;x;
1856;224;85;96;x;x;
1857;150;132;203;x;x;
1858;238;149;35;x;x;
1859;196;118;172;x;x;
1860;234;241;32;x;x;
1861;192;58;58;x;x;
1862;189;196;193;x;x;
1863;2;29;124;x;x;
1864;102;243;144;x;x;
1865;251;1;76;x;x;
1866;207;234;246;x;x;
1867;213;140;126;x;x;
1868;38;82;227;SUMMERSIDE;x;
1869;25;97;0;CHARLOTTETOWN;x;
1870;120;97;142;MONTAGUE;x;
1871;116;21;21;MAGDALEN;x;
1872;217;107;0;DINGWALL;x;
1873;217;107;170;MARGAREE;x;
1874;72;227;170;SYDNEY;x;
1875;157;44;205;LOUISBOURG;x;
1876;72;107;170;INVERNESS;x;
1877;119;97;0;HAWKESBURY;x;
1878;97;87;135;GUYSBOROUGH;x;
1879;135;69;100;NEW_GLASGOW;x;
1880;19;73;123;GOVERNOR_LAKE;x;
1881;63;110;86;SHERBROOKE;x;
1882;176;51;142;SHEET_HARBOUR;x;
1883;76;52;85;TANGIER_GRAND_LAKE;x;
1884;125;39;39;DARTMOUTH;x;
1885;86;218;214;HALIFAX;x;
1886;59;125;34;HUBBARDS;x;
1887;144;5;115;NEW_GERMANY;x;
1888;94;32;81;LUNENBURG;x;
1889;19;164;41;GREENFIELD;x;
1890;159;164;19;VOLGERS_COVE;x;
1891;112;68;21;LAKE_ROSSIGNOL;x;
1892;125;21;132;PORT_MOUTON;x;
1893;112;132;21;SHELBURNE;x;
1894;56;255;243;CLARKS_HARBOUR;x;
1895;174;4;191;UPPER_CLYDE_RIVER;x;
1896;105;143;94;YARMOUTH;x;
1897;238;146;146;SAULNIERVILLE;x;
1898;140;185;116;KEJIMKUIK;x;
1899;200;134;3;DIGBY;x;
1900;116;185;181;ANNAPOLIS_ROYAL;x;
1901;118;86;86;CALEDONIA;x;
1902;6;63;56;BRIDGETOWN;x;
1903;120;164;56;CLOUD_LAKE;x;
1904;132;113;171;GREENWOOD;x;
1905;191;138;191;WOLFVILLE;x;
1906;231;105;105;NEW_ROSS;x;
1907;52;71;46;WINDSOR;x;
1908;52;85;84;STEWIAKE;x;
1909;116;108;71;TRURO;x;
1910;246;72;0;TATAMAGOUCHE;x;
1911;135;147;36;AMHERST;x;
1912;100;161;3;ADVOCATE_HARBOUR;x;
1913;75;99;170;SACKVILLE;x;
1914;84;80;98;x;x;
1915;146;215;57;x;x;
1916;42;141;203;ATLANTIC;x;
1917;13;146;134;ATLANTIC_COAST_1;x;
1918;4;92;237;ATLANTIC_COAST_2;x;
1919;90;199;182;ATLANTIC_COAST_3;x;
1920;78;157;207;ATLANTIC_COAST_4;x;
1921;45;128;151;ATLANTIC_COAST_5;x;
1922;114;215;206;ATLANTIC_COAST_6;x;
1923;94;156;242;ATLANTIC_COAST_7;x;
1924;1;234;177;ATLANTIC_COAST_8;x;
1925;60;69;252;ATLANTIC_COAST_9;x;
1926;8;7;70;ATLANTIC_COAST_10;x;
1927;2;216;210;ATLANTIC_COAST_11;x;
1928;40;234;146;ATLANTIC_COAST_12;x;
1929;63;114;203;ATLANTIC_COAST_13;x;
1930;60;146;161;BAY_OF_FUNDY;x;
1931;0;196;223;NORTHUMERLAND_STRAIT_1;x;
1932;24;115;104;NORTHUMERLAND_STRAIT_2;x;
1933;17;161;161;GULF_OF_ST_LAWRENCE_1;x;
1934;22;112;231;GULF_OF_ST_LAWRENCE_2;x;
1935;32;17;188;GULF_OF_ST_LAWRENCE_3;x;
1936;125;116;213;ATLANTIC_COAST_14;x;
1937;53;240;252;ATLANTIC_COAST_15;x;
1938;2;27;196;ATLANTIC_COAST_16;x;
1939;85;96;170;ATLANTIC_COAST_17;x;
1940;45;101;253;ATLANTIC_COAST_18;x;
1941;7;105;213;GULF_OF_ST_LAWRENCE_4;x;
1942;90;95;232;GULF_OF_ST_LAWRENCE_5;x;
1943;2;52;78;GULF_OF_ST_LAWRENCE_6;x;
1944;126;178;203;GULF_OF_ST_LAWRENCE_7;x;
1945;63;68;207;GULF_OF_ST_LAWRENCE_8;x;
1946;4;157;249;GULF_OF_ST_LAWRENCE_9;x;
1947;72;129;171;GULF_OF_ST_LAWRENCE_10;x;
1948;21;113;164;GULF_OF_ST_LAWRENCE_11;x;
1949;174;210;237;GULF_OF_ST_LAWRENCE_12;x;
1950;23;145;232;GULF_OF_ST_LAWRENCE_13;x;
1951;66;56;224;GULF_OF_ST_LAWRENCE_14;x;
1952;33;179;227;GULF_OF_ST_LAWRENCE_15;x;
1953;93;132;168;GULF_OF_ST_LAWRENCE_16;x;
1954;61;117;184;GULF_OF_ST_LAWRENCE_17;x;
1955;63;106;166;GULF_OF_ST_LAWRENCE_18;x;
1956;107;133;135;GULF_OF_ST_LAWRENCE_19;x;
1957;74;125;131;GULF_OF_ST_LAWRENCE_20;x;
1958;65;214;199;GULF_OF_ST_LAWRENCE_21;x;
1959;64;125;127;GULF_OF_ST_LAWRENCE_22;x;
1960;107;141;248;GULF_OF_ST_LAWRENCE_23;x;
1961;91;237;242;GULF_OF_ST_LAWRENCE_24;x;
1962;76;183;219;GULF_OF_ST_LAWRENCE_25;x;
1963;44;114;192;GULF_OF_ST_LAWRENCE_26;x;
1964;33;2;211;GULF_OF_ST_LAWRENCE_27;x;
1965;22;157;178;GULF_OF_ST_LAWRENCE_28;x;
1966;130;23;9;ST_LAWRENCE_1;x;
1967;215;72;161;ST_LAWRENCE_2;x;
1968;151;32;106;ST_LAWRENCE_3;x;
1969;146;65;149;ST_LAWRENCE_4;x;
1970;230;157;234;ST_LAWRENCE_5;x;
1971;124;47;88;OTTAWA_RIVER_1;x;
1972;236;40;15;OTTAWA_RIVER_2;x;
1973;254;109;5;OTTAWA_RIVER_3;x;
1974;238;28;141;OTTAWA_RIVER_4;x;
1975;139;66;134;OTTAWA_RIVER_5;x;
1976;238;92;168;OTTAWA_RIVER_6;x;
1977;137;74;97;OTTAWA_RIVER_7;x;
1978;68;4;136;OTTAWA_RIVER_8;x;
1979;206;141;241;LAKE_NIPISSING;x;
1980;167;83;62;ST_LAWRENCE_6;x;
1981;139;33;124;ST_LAWRENCE_7;x;
1982;155;134;160;ST_LAWRENCE_8;x;
1983;197;62;162;ST_LAWRENCE_9;x;
1984;64;30;56;ST_LAWRENCE_10;x;
1985;27;78;171;ONTARIO_EAST;x;
1986;69;57;135;ONTARIO_CENTER;x;
1987;137;99;182;ONTARIO_WEST;x;
1988;181;67;178;NIAGARA_RIVER;x;
1989;93;74;174;ERIE_EAST;x;
1990;9;157;148;ERIE_CENTER;x;
1991;99;228;242;ERIE_WEST;x;
1992;183;54;119;LAKE_ST_CLAIR;x;
1993;145;93;143;ST_CLARI_RIVER;x;
1994;60;88;128;HURON_SOUTH;x;
1995;17;67;230;SAGINAW_BAY;x;
1996;9;194;216;THUNDER_BAY;x;
1997;7;14;157;HURON_CENTER;x;
1998;75;145;137;GEORGIAN_BAY_SOUTH;x;
1999;37;85;81;GEORGIAN_BAY_NORTH;x;
2000;69;76;177;PROVIDENCE_BAY;x;
2001;30;216;233;HURON_NORTH;x;
2002;124;178;195;HURON_NORTHWEST;x;
2003;230;137;195;ST_MARYS_RIVER;x;
2004;0;218;179;BATCHAWANA_BAY;x;
2005;149;140;227;MICHIPOTEN_BAY;x;
2006;119;162;170;KEWEENAW_BAY;x;
2007;64;163;225;GREAT_SAND_BAY;x;
2008;35;253;249;CHEQUAMEGON_BAY;x;
2009;90;189;182;SUPERIOR_BAY;x;
2010;106;212;200;GRAND_MARAIS_COAST;x;
2011;126;193;214;BLACK_BAY;x;
2012;63;170;203;NIPIGON_BAY;x;
2013;101;111;196;MACKINAC_COAST;x;
2014;65;147;213;BEAVER_BAY;x;
2015;62;111;231;GREEN_BAY;x;
2016;1;8;113;ARM_GRAND_TRAVERSE_BAY;x;
2017;53;71;126;MANITOWOC_COAST;x;
2018;73;61;197;FRANKFOR_COAST;x;
2019;120;127;245;MILWAUKEE_COAST;x;
2020;9;156;209;MUSKEGON_COAST;x;
2021;12;169;191;SOUTHEAST_MICHIGAN;x;
2022;18;155;233;SOUTHWEST_MICHIGAN;x;
2023;159;31;111;ILLINOIS_1;x;
2024;179;137;148;ILLINOIS_2;x;
2025;198;6;87;ILLINOIS_3;x;
2026;108;43;66;ILLINOIS_4;x;
2027;253;114;97;ILLINOIS_5;x;
2028;221;56;188;ILLINOIS_6;x;
2029;170;71;211;ILLINOIS_7;x;
2030;115;61;87;MISSISSIPPI_1;x;
2031;62;40;97;MISSISSIPPI_2;x;
2032;168;80;245;MISSISSIPPI_3;x;
2033;134;39;194;MISSISSIPPI_4;x;
2034;173;94;155;MISSISSIPPI_5;x;
2035;201;7;212;MISSISSIPPI_6;x;
2036;210;54;72;MISSISSIPPI_7;x;
2037;173;88;182;MISSISSIPPI_8;x;
2038;214;51;218;MISSISSIPPI_9;x;
2039;239;133;212;MISSISSIPPI_10;x;
2040;205;48;165;MISSISSIPPI_11;x;
2041;48;7;30;MISSISSIPPI_12;x;
2042;177;42;90;MISSISSIPPI_13;x;
2043;233;54;73;MISSISSIPPI_14;x;
2044;234;97;202;MISSISSIPPI_15;x;
2045;198;57;173;MISSISSIPPI_16;x;
2046;168;45;173;MISSISSIPPI_17;x;
2047;94;39;179;MISSOURI_1;x;
2048;166;19;243;MISSOURI_2;x;
2049;141;32;172;MISSOURI_3;x;
2050;185;90;255;MISSOURI_4;x;
2051;223;55;200;MISSOURI_5;x;
2052;205;152;254;MISSOURI_6;x;
2053;175;85;157;MISSISSIPPI_18;x;
2054;202;147;242;MISSISSIPPI_19;x;
2055;179;58;71;MISSISSIPPI_20;x;
2056;160;13;252;OHIO_1;x;
2057;172;38;157;OHIO_2;x;
2058;252;77;220;OHIO_3;x;
2059;220;129;188;OHIO_4;x;
2060;179;2;236;OHIO_5;x;
2061;248;129;195;OHIO_6;x;
2062;209;122;249;OHIO_7;x;
2063;237;54;149;OHIO_8;x;
2064;237;85;97;OHIO_9;x;
2065;187;69;95;OHIO_10;x;
2066;172;34;134;OHIO_11;x;
2067;198;109;204;OHIO_12;x;
2068;108;7;74;OHIO_13;x;
2069;230;86;90;OHIO_14;x;
2070;183;37;141;OHIO_15;x;
2071;139;122;198;DELAWARE_BAY;x;
2072;22;47;198;ELK_RIVER;x;
2073;98;217;210;TANGIER_SOUND;x;
2074;123;200;184;POTOMAC_1;x;
2075;25;71;146;POTOMAC_2;x;
2076;19;81;192;YORK;x;
2077;18;37;192;RAPPAHANNOCK_RIVER;x;
2078;255;114;199;HUDSON_1;x;
2079;119;42;70;HUDSON_2;x;
2080;208;129;158;HUDSON_3;x;
2081;168;95;121;HUDSON_4;x;
2082;131;33;88;HUDSON_5;x;
2083;231;189;213;HUDSON_6;x;
2084;53;122;110;x;x;
2085;124;29;148;APPALACHIAN_1;x;
2086;148;110;158;APPALACHIAN_2;x;
2087;226;158;242;APPALACHIAN_3;x;
2088;217;104;245;APPALACHIAN_4;x;
2089;161;46;189;APPALACHIAN_5;x;
2090;194;22;236;APPALACHIAN_6;x;
2091;227;69;219;APPALACHIAN_7;x;
2092;177;18;169;APPALACHIAN_8;x;
2093;112;28;108;APPALACHIAN_9;x;
2094;44;182;218;x;x;
2095;34;82;153;x;x;
2096;106;142;196;x;x;
2097;30;111;205;x;x;
2098;91;177;215;x;x;
2099;15;103;140;x;x;
2100;153;106;221;x;x;
2101;37;30;141;x;x;
2102;56;39;177;x;x;
2103;130;209;167;x;x;
2104;37;80;241;x;x;
2105;9;106;145;x;x;
2106;47;105;188;x;x;
2107;96;130;220;x;x;
2108;97;70;150;x;x;
2109;74;103;129;x;x;
2110;174;175;235;x;x;
2111;41;72;170;x;x;
2112;126;128;192;x;x;
2113;60;80;201;x;x;
2114;104;175;168;x;x;
2115;66;134;109;x;x;
2116;42;115;139;x;x;
2117;33;115;90;x;x;
2118;98;210;184;x;x;
2119;36;106;90;x;x;
2120;76;177;132;x;x;
2121;31;71;84;x;x;
2122;125;109;241;x;x;
2123;72;219;171;x;x;
2124;54;49;185;x;x;
2125;58;81;92;x;x;
2126;110;145;217;x;x;
2127;50;33;145;x;x;
2128;118;127;206;x;x;
2129;23;46;209;x;x;
2130;8;97;209;x;x;
2131;142;134;218;x;x;
2132;62;121;211;x;x;
2133;84;29;191;x;x;
2134;3;130;163;x;x;
2135;143;206;232;x;x;
2136;183;251;202;x;x;
2137;28;65;84;x;x;
2138;127;29;254;x;x;
2139;99;146;175;x;x;
2140;8;32;190;x;x;
2141;94;58;159;x;x;
2142;166;185;238;x;x;
2143;92;144;217;x;x;
2144;33;75;133;x;x;
2145;4;173;154;x;x;
2146;56;205;150;x;x;
2147;139;217;220;x;x;
2148;39;153;157;x;x;
2149;79;144;120;x;x;
2150;13;16;133;x;x;
2151;38;131;217;x;x;
2152;76;96;196;x;x;
2153;64;10;159;x;x;
2154;5;21;125;x;x;
2155;87;76;168;x;x;
2156;52;155;207;x;x;
2157;41;134;155;x;x;
2158;87;139;144;x;x;
2159;87;200;212;x;x;
2160;104;212;209;x;x;
2161;64;65;222;x;x;
2162;103;171;216;x;x;
2163;63;131;210;x;x;
2164;122;122;131;x;x;
2165;120;148;153;x;x;
2166;80;151;131;x;x;
2167;103;133;165;x;x;
2168;45;72;136;x;x;
2169;105;81;170;x;x;
2170;14;87;235;x;x;
2171;115;124;205;x;x;
2172;58;67;146;x;x;
2173;71;168;173;x;x;
2174;66;114;190;x;x;
2175;22;143;205;x;x;
2176;78;110;205;x;x;
2177;18;18;145;x;x;
2178;73;81;149;x;x;
2179;58;70;87;x;x;
2180;49;136;149;x;x;
2181;23;155;146;x;x;
2182;94;142;170;x;x;
2183;100;180;226;x;x;
